family,visual_story,tight,compact,comfortable,spacious
Components/Accordion,components-accordion--all-variants,Accordion Trigger Default Height Pinned; Accordion Floating Trigger Default Height Pinned; Accordion Expanded Item Default Height Pinned,Accordion Trigger Default Height Pinned; Accordion Floating Trigger Default Height Pinned; Accordion Expanded Item Default Height Pinned,No failures reported in full suite; explicit story roots may override density,Accordion Trigger Default Height Pinned; Accordion Floating Trigger Default Height Pinned; Accordion Expanded Item Default Height Pinned
Components/AlertDialog,components-alertdialog--all-variants,No failures reported in full suite; explicit story roots may override density,No failures reported in full suite; explicit story roots may override density,No failures reported in full suite; explicit story roots may override density,No failures reported in full suite; explicit story roots may override density
Components/Alert,components-alert--all-variants,Default Mode Height Pinned,Default Mode Height Pinned,Default Mode Height Pinned,Default Mode Height Pinned
Appearance/AppearanceSettings,appearance-appearancesettings--default,No failures reported in full suite; explicit story roots may override density,No failures reported in full suite; explicit story roots may override density,No failures reported in full suite; explicit story roots may override density,No failures reported in full suite; explicit story roots may override density
Appearance/BrandColorField,appearance-brandcolorfield--all-variants,No failures reported in full suite; explicit story roots may override density,No failures reported in full suite; explicit story roots may override density,No failures reported in full suite; explicit story roots may override density,No failures reported in full suite; explicit story roots may override density
Appearance/ConfigPreview,appearance-configpreview--default,No failures reported in full suite; explicit story roots may override density,No failures reported in full suite; explicit story roots may override density,No failures reported in full suite; explicit story roots may override density,No failures reported in full suite; explicit story roots may override density
Appearance/AppearanceScript,appearance-appearancescript--default,No failures reported in full suite; explicit story roots may override density,No failures reported in full suite; explicit story roots may override density,No failures reported in full suite; explicit story roots may override density,No failures reported in full suite; explicit story roots may override density
Appearance/NexusRoot,appearance-nexusroot--default,No failures reported in full suite; explicit story roots may override density,No failures reported in full suite; explicit story roots may override density,No failures reported in full suite; explicit story roots may override density,No failures reported in full suite; explicit story roots may override density
Components/AspectRatio,components-aspectratio--all-variants,No failures reported in full suite; explicit story roots may override density,No failures reported in full suite; explicit story roots may override density,No failures reported in full suite; explicit story roots may override density,No failures reported in full suite; explicit story roots may override density
Components/Attachment,components-attachment--all-variants,No failures reported in full suite; explicit story roots may override density,No failures reported in full suite; explicit story roots may override density,No failures reported in full suite; explicit story roots may override density,No failures reported in full suite; explicit story roots may override density
Components/Avatar,components-avatar--default,No failures reported in full suite; explicit story roots may override density,No failures reported in full suite; explicit story roots may override density,No failures reported in full suite; explicit story roots may override density,No failures reported in full suite; explicit story roots may override density
Components/Badge,components-badge--all-variants,With Both Icons; With Svg Loader,With Both Icons; With Svg Loader,No failures reported in full suite; explicit story roots may override density,With Both Icons; With Svg Loader
Components/Breadcrumb,components-breadcrumb--all-variants,No failures reported in full suite; explicit story roots may override density,No failures reported in full suite; explicit story roots may override density,No failures reported in full suite; explicit story roots may override density,No failures reported in full suite; explicit story roots may override density
Components/Bubble,components-bubble--all-variants,No failures reported in full suite; explicit story roots may override density,No failures reported in full suite; explicit story roots may override density,No failures reported in full suite; explicit story roots may override density,No failures reported in full suite; explicit story roots may override density
Components/ButtonGroup,components-buttongroup--all-variants,Size Alignment; Error Outline Group,Size Alignment; Error Outline Group,Size Alignment; Error Outline Group,Size Alignment; Error Outline Group
Components/Button,components-button--all-variants,Text Buttons Stay Content Width; Press Feedback; Bordered Variants Keep Fixed Height; Default Mode Height Pinned,Text Buttons Stay Content Width; Press Feedback; Bordered Variants Keep Fixed Height; Default Mode Height Pinned,Text Buttons Stay Content Width; Press Feedback; Bordered Variants Keep Fixed Height; Default Mode Height Pinned; Disabled And Loading Themes,Text Buttons Stay Content Width; Press Feedback; Bordered Variants Keep Fixed Height; Default Mode Height Pinned
Components/Card,components-card--all-variants,Default Mode Height Pinned,Default Mode Height Pinned,Default Mode Height Pinned,Default Mode Height Pinned
Components/Carousel,components-carousel--all-variants,No failures reported in full suite; explicit story roots may override density,No failures reported in full suite; explicit story roots may override density,No failures reported in full suite; explicit story roots may override density,No failures reported in full suite; explicit story roots may override density
Components/Chart,components-chart--all-variants,No failures reported in full suite; explicit story roots may override density,No failures reported in full suite; explicit story roots may override density,No failures reported in full suite; explicit story roots may override density,No failures reported in full suite; explicit story roots may override density
Components/Checkbox,components-checkbox--all-variants,No failures reported in full suite; explicit story roots may override density,No failures reported in full suite; explicit story roots may override density,No failures reported in full suite; explicit story roots may override density,No failures reported in full suite; explicit story roots may override density
Components/ChoiceCard,components-choicecard--all-variants,No failures reported in full suite; explicit story roots may override density,No failures reported in full suite; explicit story roots may override density,No failures reported in full suite; explicit story roots may override density,No failures reported in full suite; explicit story roots may override density
Components/ChoiceRow,components-choicerow--all-variants,No failures reported in full suite; explicit story roots may override density,No failures reported in full suite; explicit story roots may override density,No failures reported in full suite; explicit story roots may override density,No failures reported in full suite; explicit story roots may override density
Components/Collapsible,components-collapsible--all-variants,No failures reported in full suite; explicit story roots may override density,No failures reported in full suite; explicit story roots may override density,No failures reported in full suite; explicit story roots may override density,No failures reported in full suite; explicit story roots may override density
Components/Combobox,components-combobox--all-variants,No failures reported in full suite; explicit story roots may override density,No failures reported in full suite; explicit story roots may override density,No failures reported in full suite; explicit story roots may override density,No failures reported in full suite; explicit story roots may override density
Components/Command,components-command--all-variants,No failures reported in full suite; explicit story roots may override density,No failures reported in full suite; explicit story roots may override density,No failures reported in full suite; explicit story roots may override density,No failures reported in full suite; explicit story roots may override density
Components/ContextMenu,components-contextmenu--all-variants,No failures reported in full suite; explicit story roots may override density,No failures reported in full suite; explicit story roots may override density,No failures reported in full suite; explicit story roots may override density,No failures reported in full suite; explicit story roots may override density
Components/DatePicker,components-datepicker--all-variants,No failures reported in full suite; explicit story roots may override density,No failures reported in full suite; explicit story roots may override density,No failures reported in full suite; explicit story roots may override density,No failures reported in full suite; explicit story roots may override density
Components/Dialog,components-dialog--all-variants,No failures reported in full suite; explicit story roots may override density,No failures reported in full suite; explicit story roots may override density,No failures reported in full suite; explicit story roots may override density,No failures reported in full suite; explicit story roots may override density
Components/Drawer,components-drawer--all-variants,No failures reported in full suite; explicit story roots may override density,No failures reported in full suite; explicit story roots may override density,No failures reported in full suite; explicit story roots may override density,No failures reported in full suite; explicit story roots may override density
Components/DropdownMenu,components-dropdownmenu--all-variants,No failures reported in full suite; explicit story roots may override density,No failures reported in full suite; explicit story roots may override density,No failures reported in full suite; explicit story roots may override density,No failures reported in full suite; explicit story roots may override density
Components/EmptyState,components-emptystate--all-variants,No failures reported in full suite; explicit story roots may override density,No failures reported in full suite; explicit story roots may override density,No failures reported in full suite; explicit story roots may override density,No failures reported in full suite; explicit story roots may override density
Components/Field,components-field--all-variants,No failures reported in full suite; explicit story roots may override density,No failures reported in full suite; explicit story roots may override density,No failures reported in full suite; explicit story roots may override density,No failures reported in full suite; explicit story roots may override density
Components/FocusRing,components-focusring--field-surface-focus-boundaries,No failures reported in full suite; explicit story roots may override density,No failures reported in full suite; explicit story roots may override density,No failures reported in full suite; explicit story roots may override density,No failures reported in full suite; explicit story roots may override density
Components/HoverCard,components-hovercard--all-variants,No failures reported in full suite; explicit story roots may override density,No failures reported in full suite; explicit story roots may override density,No failures reported in full suite; explicit story roots may override density,No failures reported in full suite; explicit story roots may override density
Components/InputGroup,components-inputgroup--all-variants,No failures reported in full suite; explicit story roots may override density,No failures reported in full suite; explicit story roots may override density,No failures reported in full suite; explicit story roots may override density,No failures reported in full suite; explicit story roots may override density
Components/InputOTP,components-inputotp--all-variants,No failures reported in full suite; explicit story roots may override density,No failures reported in full suite; explicit story roots may override density,No failures reported in full suite; explicit story roots may override density,No failures reported in full suite; explicit story roots may override density
Components/Input,components-input--all-variants,No failures reported in full suite; explicit story roots may override density,No failures reported in full suite; explicit story roots may override density,No failures reported in full suite; explicit story roots may override density,No failures reported in full suite; explicit story roots may override density
Components/Item,components-item--all-variants,No failures reported in full suite; explicit story roots may override density,No failures reported in full suite; explicit story roots may override density,No failures reported in full suite; explicit story roots may override density,No failures reported in full suite; explicit story roots may override density
Components/Kbd,components-kbd--all-variants,No failures reported in full suite; explicit story roots may override density,No failures reported in full suite; explicit story roots may override density,No failures reported in full suite; explicit story roots may override density,No failures reported in full suite; explicit story roots may override density
Components/Label,components-label--all-variants,No failures reported in full suite; explicit story roots may override density,No failures reported in full suite; explicit story roots may override density,No failures reported in full suite; explicit story roots may override density,No failures reported in full suite; explicit story roots may override density
Components/Marker,components-marker--all-variants,No failures reported in full suite; explicit story roots may override density,No failures reported in full suite; explicit story roots may override density,No failures reported in full suite; explicit story roots may override density,No failures reported in full suite; explicit story roots may override density
Components/Menubar,components-menubar--all-variants,No failures reported in full suite; explicit story roots may override density,No failures reported in full suite; explicit story roots may override density,No failures reported in full suite; explicit story roots may override density,No failures reported in full suite; explicit story roots may override density
Components/MessageScroller,components-messagescroller--all-variants,No failures reported in full suite; explicit story roots may override density,No failures reported in full suite; explicit story roots may override density,No failures reported in full suite; explicit story roots may override density,No failures reported in full suite; explicit story roots may override density
Components/Message,components-message--all-variants,No failures reported in full suite; explicit story roots may override density,No failures reported in full suite; explicit story roots may override density,No failures reported in full suite; explicit story roots may override density,No failures reported in full suite; explicit story roots may override density
Components/MultiSelect,components-multiselect--all-variants,No failures reported in full suite; explicit story roots may override density,No failures reported in full suite; explicit story roots may override density,No failures reported in full suite; explicit story roots may override density,No failures reported in full suite; explicit story roots may override density
Components/NativeSelect,components-nativeselect--all-variants,No failures reported in full suite; explicit story roots may override density,No failures reported in full suite; explicit story roots may override density,No failures reported in full suite; explicit story roots may override density,No failures reported in full suite; explicit story roots may override density
Components/NavigationMenu,components-navigationmenu--all-variants,No failures reported in full suite; explicit story roots may override density,No failures reported in full suite; explicit story roots may override density,No failures reported in full suite; explicit story roots may override density,No failures reported in full suite; explicit story roots may override density
Components/Pagination,components-pagination--all-variants,No failures reported in full suite; explicit story roots may override density,No failures reported in full suite; explicit story roots may override density,No failures reported in full suite; explicit story roots may override density,No failures reported in full suite; explicit story roots may override density
Components/Popover,components-popover--all-variants,No failures reported in full suite; explicit story roots may override density,No failures reported in full suite; explicit story roots may override density,No failures reported in full suite; explicit story roots may override density,No failures reported in full suite; explicit story roots may override density
Components/Progress,components-progress--all-variants,No failures reported in full suite; explicit story roots may override density,No failures reported in full suite; explicit story roots may override density,No failures reported in full suite; explicit story roots may override density,No failures reported in full suite; explicit story roots may override density
Components/RadioGroup,components-radiogroup--all-variants,No failures reported in full suite; explicit story roots may override density,No failures reported in full suite; explicit story roots may override density,No failures reported in full suite; explicit story roots may override density,No failures reported in full suite; explicit story roots may override density
Components/Resizable,components-resizable--all-variants,No failures reported in full suite; explicit story roots may override density,No failures reported in full suite; explicit story roots may override density,No failures reported in full suite; explicit story roots may override density,No failures reported in full suite; explicit story roots may override density
Components/ScrollArea,components-scrollarea--all-variants,No failures reported in full suite; explicit story roots may override density,No failures reported in full suite; explicit story roots may override density,No failures reported in full suite; explicit story roots may override density,No failures reported in full suite; explicit story roots may override density
Components/Select,components-select--all-variants,Default Mode Height Pinned,Default Mode Height Pinned,Default Mode Height Pinned,Default Mode Height Pinned
Components/Separator,components-separator--all-variants,No failures reported in full suite; explicit story roots may override density,No failures reported in full suite; explicit story roots may override density,No failures reported in full suite; explicit story roots may override density,No failures reported in full suite; explicit story roots may override density
Components/Sheet,components-sheet--all-variants,No failures reported in full suite; explicit story roots may override density,No failures reported in full suite; explicit story roots may override density,No failures reported in full suite; explicit story roots may override density,No failures reported in full suite; explicit story roots may override density
Components/Sidebar,components-sidebar--all-variants,No failures reported in full suite; explicit story roots may override density,No failures reported in full suite; explicit story roots may override density,No failures reported in full suite; explicit story roots may override density,No failures reported in full suite; explicit story roots may override density
Components/Skeleton,components-skeleton--all-variants,No failures reported in full suite; explicit story roots may override density,No failures reported in full suite; explicit story roots may override density,No failures reported in full suite; explicit story roots may override density,No failures reported in full suite; explicit story roots may override density
Components/Slider,components-slider--all-variants,Vertical; Size Measurements,Vertical; Size Measurements,Size Measurements,Vertical; Size Measurements
Components/Sonner,components-sonner--all-variants,No failures reported in full suite; explicit story roots may override density,No failures reported in full suite; explicit story roots may override density,No failures reported in full suite; explicit story roots may override density,No failures reported in full suite; explicit story roots may override density
Components/Spinner,components-spinner--all-variants,No failures reported in full suite; explicit story roots may override density,No failures reported in full suite; explicit story roots may override density,No failures reported in full suite; explicit story roots may override density,No failures reported in full suite; explicit story roots may override density
Components/Switch,components-switch--all-variants,No failures reported in full suite; explicit story roots may override density,No failures reported in full suite; explicit story roots may override density,No failures reported in full suite; explicit story roots may override density,No failures reported in full suite; explicit story roots may override density
Components/Table,components-table--all-variants,No failures reported in full suite; explicit story roots may override density,No failures reported in full suite; explicit story roots may override density,No failures reported in full suite; explicit story roots may override density,No failures reported in full suite; explicit story roots may override density
Components/Tabs,components-tabs--all-variants,No failures reported in full suite; explicit story roots may override density,No failures reported in full suite; explicit story roots may override density,No failures reported in full suite; explicit story roots may override density,No failures reported in full suite; explicit story roots may override density
Components/Textarea,components-textarea--all-variants,No failures reported in full suite; explicit story roots may override density,No failures reported in full suite; explicit story roots may override density,No failures reported in full suite; explicit story roots may override density,No failures reported in full suite; explicit story roots may override density
Components/ToggleGroup,components-togglegroup--all-variants,No failures reported in full suite; explicit story roots may override density,No failures reported in full suite; explicit story roots may override density,No failures reported in full suite; explicit story roots may override density,No failures reported in full suite; explicit story roots may override density
Components/Toggle,components-toggle--all-variants,No failures reported in full suite; explicit story roots may override density,No failures reported in full suite; explicit story roots may override density,No failures reported in full suite; explicit story roots may override density,No failures reported in full suite; explicit story roots may override density
Components/Tooltip,components-tooltip--all-variants,Tooltip Content Uses Numeric Spacing,Tooltip Content Uses Numeric Spacing,No failures reported in full suite; explicit story roots may override density,Tooltip Content Uses Numeric Spacing
